{
  "monroe hall": [38.034837, -78.5064309],
  "ruffin hall": [38.0394246, -78.5032635],
  "international study program outside the u.s.": [38.0338283, -78.5065051],
  "shea house": [38.0317055, -78.50266309999999],
  "jordan hall": [38.0319171, -78.50045949999999],
  "robertson hall": [38.0329961, -78.5038127],
  "aquatic and fitness center": [38.0328803, -78.5134903],
  "maury hall": [38.0334109, -78.5068603],
  "materials science building": [38.033176, -78.5109014],
  "pavilion v": [38.0349762, -78.5042027],
  "dell 1": [38.0348403, -78.5099948],
  "physics building": [38.0341955, -78.51003209999999],
  "cauthen house": [38.033363, -78.5162562],
  "slaughter recreation center": [38.034993, -78.517927],
  "brooks hall": [38.0357906, -78.5020785],
  "campbell hall": [38.0387798, -78.50404139999999],
  "claude moore nursing": [38.0312954, -78.5021969],
  "drama education building": [38.0395793, -78.50440549999999],
  "stacey hall": [38.0334882, -78.49605749999999],
  "chemical engineering building": [38.03344269999999, -78.51074899999999],
  "minor  hall": [38.0339031, -78.5064804],
  "astronomy building": [38.03562610000001, -78.51518039999999],
  "nau hall": [38.03174860000001, -78.505027],
  "lambeth house": [38.0365182, -78.5088471],
  "darden school": [38.052408, -78.514662],
  "old cabell hall": [38.0328595, -78.50486149999999],
  "national radio astronomy observatory": [38.0369391, -78.5178361],
  "peabody hall": [38.035633, -78.5061183],
  "monroe hill range": [38.0347164, -78.5076863],
  "bryant hall": [38.0302473, -78.51295809999999],
  "fayerweather hall": [38.0378815, -78.50304580000001],
  "hospital west, davis wing": [38.0319019, -78.501032],
  "mechanical engineering building": [38.0327198, -78.5109746],
  "mccormick observatory": [38.03296479999999, -78.52235859999999],
  "charlottesville ice park": [38.0319061, -78.49866879999999],
  "lower west oval room, rotunda": [38.03561, -78.5034395],
  "brown college library": [38.032902, -78.507908],
  "new cabell hall": [38.0325327, -78.5050644],
  "wintergreen resort": [37.91488289999999, -78.94384790000001],
  "cocke hall": [38.03341229999999, -78.5051304],
  "olsson hall": [38.032088, -78.510695],
  "gibson hall": [38.0313976, -78.5051865],
  "randall hall": [38.0333039, -78.5033344],
  "pavilion viii": [38.034362, -78.5035983],
  "uva/vt center in falls church": [38.8968325, -77.1894815],
  "birdwood golf course": [38.0442653, -78.5358773],
  "french house": [38.0317331, -78.50215659999999],
  "slaughter hall": [38.0533701, -78.51050359999999],
  "shannon house": [38.0334631, -78.51557179999999],
  "withers-brown hall": [38.0528876, -78.5092768],
  "zehmer hall annex": [38.0391302, -78.51720999999999],
  "zehmer hall": [38.0392072, -78.5172148],
  "thornton hall": [38.0332726, -78.50966059999999],
  "clark hall": [38.0330428, -78.5078494],
  "wilson hall": [38.0324722, -78.5040204],
  "rotunda": [38.03561, -78.5034395],
  "halsey hall": [38.0329398, -78.50690999999999],
  "ruffner hall": [38.034813, -78.5092949],
  "dell 2": [38.0350198, -78.5098933],
  "levering hall": [38.0336477, -78.5029382],
  "rice hall": [38.0316188, -78.51084589999999],
  "clemons library": [38.036346, -78.506085],
  "bryan hall": [38.0332951, -78.5059744],
  "luther p. jackson house": [38.0328217, -78.5062925],
  "mary munford house": [38.0391109, -78.5075846],
  "memorial gymnasium": [38.0374763, -78.5071495],
  "rouss hall": [38.0329514, -78.5038259],
  "bayly building": [38.0387798, -78.50404139999999],
  "gilmer hall": [38.0341628, -78.5128076],
  "old  medical school": [38.0339192, -78.50086499999999],
  "judge advocate general school": [38.0540575, -78.50765059999999],
  "kerchof hall": [38.0323973, -78.5081915],
  "alderman library": [38.0364566, -78.5053683],
  "newcomb hall": [38.0359236, -78.5066114],
  "dawson's row residence 1": [38.0326142, -78.50611680000002],
  "cobb hall": [38.0325464, -78.5029624],
  "chemistry building": [38.0334568, -78.5117207],
  "mcleod hall": [38.0307883, -78.5017281],
  "barracks stables": [38.096437, -78.518322]
}
