{
  "ruffner hall": [38.0346734, -78.5094827],
  "ruth caplin": [38.0395793, -78.50440549999999],
  "astronomy bldg": [38.03562610000001, -78.51518039999999],
  "chemistry blds": [38.0334568, -78.5117207],
  "snyder tennis": [38.0386471, -78.50653609999999],
  "shannon house": [38.0334631, -78.51557179999999],
  "kerchof hall": [38.0323973, -78.5081915],
  "wilsdorf hall": [38.0335376, -78.5111545],
  "dell": [38.0362056, -78.5088808],
  "rice hall": [38.0316188, -78.51084589999999],
  "mechanical engr": [38.0327198, -78.5109746],
  "rouss hall": [38.0329514, -78.5038259],
  "helms theatre": [38.0395793, -78.50440549999999],
  "randall hall": [38.0333039, -78.5033344],
  "aquatic": [38.0898648, -78.4753436],
  "ruffin hall": [38.0394246, -78.5032635],
  "monroe hall": [38.034837, -78.5064309],
  "northern virginia": [38.03322300000001, -78.478503],
  "nau hall": [38.03174860000001, -78.505027],
  "brooks hall": [38.0357906, -78.5020785],
  "new cabell": [38.0325327, -78.5050644],
  "n grounds": [38.0509325, -78.51313480000002],
  "slaughter rec": [38.034993, -78.517927],
  "minor hall": [38.0339031, -78.5064804],
  "gibson hall": [38.0313976, -78.5051865],
  "chemistry bldg": [38.0334568, -78.5117207],
  "western state": [38.1432781, -79.02632609999999],
  "biomed engr": [38.0323358, -78.5101835],
  "memorial gymnasium": [38.0374763, -78.5071495],
  "boar": [38.0484586, -78.5418874],
  "cocke hall": [38.03341229999999, -78.5051304],
  "chemical engineering": [38.03344269999999, -78.51074899999999],
  "claude moore": [38.0312954, -78.5021969],
  "french house": [38.0317331, -78.50215659999999],
  "mechanical engineering": [38.0327198, -78.5109746],
  "maury hall": [38.0334109, -78.5068603],
  "physics bldg": [38.0341955, -78.51003209999999],
  "gilmer hall": [38.0342761, -78.5130866],
  "wilson hall": [38.0324722, -78.5040204],
  "martha jefferson": [38.0223772, -78.4445557],
  "clark hall": [38.0330428, -78.5078494],
  "pavilion v": [38.0349762, -78.5042027],
  "dawson": [38.0326142, -78.50611680000002],
  "bryan hall": [38.0332951, -78.5059744],
  "multistory": [38.0293059, -78.47667810000002],
  "fayerweather hall": [38.0378815, -78.50304580000001],
  "chemistry building": [38.0334568, -78.5117207],
  "thornton hall": [38.0332726, -78.50966059999999],
  "birdwood golf": [38.0442653, -78.5358773],
  "richmond regional": [38.0343089, -78.45046529999999],
  "materials science": [38.033176, -78.5109014],
  "contact department": [38.0301759, -78.4772495],
  "drama education": [38.0395793, -78.50440549999999],
  "old cabell": [38.0328595, -78.50486149999999],
  "shea house": [38.0317055, -78.50266309999999],
  "mcleod hall": [38.0307883, -78.5017281],
  "old donation": [38.068624, -78.500467],
  "lower west": [38.03561, -78.5034395],
  "the rotunda": [38.03561, -78.5034395],
  "bon secours": [37.5639181, -77.46553630000001],
  "olsson hall": [38.032088, -78.510695],
  "carr": [38.0301014, -78.4796638],
  "campbell hall": [38.0387798, -78.50404139999999],
  "robertson hall": [38.0329514, -78.5038259],
  "millmont": [38.05187919999999, -78.50334749999999]
}
